{
  "marketing_stripe": {
    "text": "Receba sua entrega no mesmo dia! Válido para Maracanaú ,Fortaleza,Maranguape e Eusébio. ",
    "link": "/promotion"
  },
  "contacts_stripe": {
    "pages": [
      {
        "title": "Sobre nós",
        "link": "/pages/sobre-nos"
      }
    ],
    "phone_wpp": true,
    "socials": true
  },
  "categories_list": {
    "featured": [],
    "random": 6,
    "full_width": false
  },
  "desktop_megamenu": false,
  "search_input": true,
  "alphabetical_order_submenu": false,
  "full_width_submenu": false
}