{
  "meta_title": "",
  "meta_description": "",
  "sections": [
    {
      "type": "banner-slider",
      "autoplay": 9000,
      "full_width": true,
      "slides": [
        {
          "start": "",
          "end": "",
          "img": "/img/uploads/vibe-leve-alma-tropical.png",
          "link": "lisostododia"
        },
        {
          "start": "",
          "end": "",
          "img": "/img/uploads/bunners.jpg",
          "link": "lisostododia"
        },
        {
          "start": "",
          "end": "",
          "img": "/img/uploads/bandana.jpg",
          "link": "bandana"
        },
        {
          "start": "",
          "end": "",
          "img": "/img/uploads/design-sem-nome.png",
          "link": "degrade-sentir"
        },
        {
          "start": "",
          "end": "",
          "img": "/img/uploads/design-sem-nome.zip-1.jpeg",
          "link": "amazonia"
        },
        {
          "start": "",
          "end": "",
          "img": "/img/uploads/design-sem-nome.jpg",
          "link": "serena"
        },
        {
          "start": "",
          "end": "",
          "img": "/img/uploads/segredo-tropical.jpg",
          "link": "segredo-tropical"
        },
        {
          "start": "",
          "end": "",
          "img": "/img/uploads/cafe-.jpeg",
          "link": " drop-cafe"
        },
        {
          "start": "",
          "end": "",
          "img": "/img/uploads/canelado-.jpg",
          "link": "canelados-premium"
        },
        {
          "start": "",
          "end": "",
          "img": "/img/uploads/degrade-amar.jpeg",
          "link": "degrade-amar"
        },
        {
          "start": "",
          "end": "",
          "img": "/img/uploads/8c2385f0-0464-4831-9945-648f3c8fc713.jpeg",
          "link": "sertao-"
        }
      ]
    },
    {
      "type": "info-bar",
      "enabled": true
    },
    {
      "page": 1,
      "title": "Seu verão começa aqui 🌞🌿",
      "shuffle": true,
      "headless": false,
      "type": "collection-shelf",
      "link": "pareo",
      "limit": 12,
      "collection_id": "615dfcb628ace502ae97cbca:categories:Cangas:/pareo",
      "sort": "news"
    },
    {
      "type": "dynamic-showcase",
      "load_more": true,
      "sort": "news"
    }
  ]
}